2026-09-11T22:13:39	feeds=14	ok=13	candidates=7	stale=0
2026-09-11T22:14:50	feeds=14	ok=13	candidates=7	stale=28
2026-09-11T22:17:10	feeds=14	ok=13	candidates=7	stale=21
2026-09-11T22:43:04	feeds=14	ok=13	candidates=7	stale=21
2026-09-11T22:47:15	feeds=14	ok=13	candidates=14	stale=21
2026-09-11T22:49:32	feeds=14	ok=13	candidates=13	stale=21
2026-09-11T22:51:31	feeds=14	ok=13	candidates=10	stale=21
2026-09-11T22:52:25	feeds=14	ok=13	candidates=9	stale=21
2026-09-11T22:58:18	feeds=14	ok=13	candidates=9	stale=21
2026-09-11T22:59:26	feeds=14	ok=13	candidates=9	stale=21
2026-09-11T20:40:25	feeds=14	ok=11	candidates=7	stale=21
2026-09-11T21:25:44	feeds=14	ok=11	candidates=7	stale=21
2026-09-12T10:00:49	feeds=14	ok=12	candidates=9	stale=21
2026-09-13T11:01:50	feeds=14	ok=11	candidates=7	stale=21
2026-09-14T11:41:10	feeds=14	ok=12	candidates=10	stale=21
2026-09-15T10:59:21	feeds=14	ok=11	candidates=9	stale=21
2026-09-16T10:47:35	feeds=14	ok=12	candidates=10	stale=21
2026-09-17T10:54:09	feeds=14	ok=12	candidates=12	stale=21
2026-09-18T10:30:00	feeds=14	ok=11	candidates=11	stale=21
2026-09-19T10:14:55	feeds=14	ok=11	candidates=11	stale=21
2026-09-20T10:33:26	feeds=14	ok=12	candidates=15	stale=21
2026-09-21T11:53:48	feeds=14	ok=12	candidates=15	stale=21
2026-09-22T10:54:30	feeds=14	ok=12	candidates=11	stale=21
2026-09-23T10:42:25	feeds=14	ok=12	candidates=10	stale=22
2026-09-24T11:03:08	feeds=14	ok=12	candidates=9	stale=22
2026-09-25T11:03:27	feeds=14	ok=12	candidates=10	stale=22
2026-09-26T10:45:17	feeds=14	ok=12	candidates=11	stale=22
2026-09-27T11:19:31	feeds=14	ok=12	candidates=11	stale=23
2026-09-28T12:48:45	feeds=14	ok=12	candidates=13	stale=23
2026-09-29T12:03:42	feeds=14	ok=11	candidates=9	stale=24
2026-09-30T11:52:04	feeds=14	ok=11	candidates=10	stale=24
2026-10-01T12:21:55	feeds=14	ok=11	candidates=6	stale=24
2026-10-02T11:49:22	feeds=14	ok=11	candidates=7	stale=24
2026-10-03T11:02:48	feeds=14	ok=11	candidates=6	stale=24
2026-10-04T11:44:20	feeds=14	ok=11	candidates=6	stale=24
2026-10-05T13:30:15	feeds=14	ok=11	candidates=7	stale=27
2026-10-06T12:41:29	feeds=14	ok=11	candidates=7	stale=27
2026-10-07T12:35:24	feeds=14	ok=11	candidates=8	stale=27
